{"override_save_path": false, "increment_factor": 1.2, "force_recompute": false, "graph_smoothing": 0, "number_of_episodes_for_baseline": 30, "number_of_epochs_for_optimal_parameters": 50, "number_of_episodes_for_testing": 5, "initial_epsilon": 3.5, "initial_horizon": 10, "reward_discount": 0.98, "acceptable_performance_levels": [0.5, 0.8, 0.9, 0.95, 0.97, 0.99, 1.0], "acceptable_performance_loss": 1, "acceptable_performance_level": 0.8, "confidence_interval_for_convergence": 90, "min_sample_size": 12, "min_reward_single_timestep": 0, "max_reward_single_timestep": 100, "horizon_ceiling": 20, "horizon_floor": 4, "api": "v2", "agent": {"gamma": 0.98, "path": "./subrepos/rl-trained-agents/sac/ReacherBulletEnv-v0_1/ReacherBulletEnv-v0.zip"}, "coach": {"path": "models.ignore/coach/ReacherBulletEnv-v0/baseline_3"}, "plot": {"optimal_reward_points": [[0.5, 14.12698405946291], [0.8, 14.12698405946291], [0.9, 14.12698405946291], [0.95, 14.12698405946291], [0.97, 14.12698405946291], [0.99, 14.12698405946291], [1.0, 14.12698405946291]], "random_reward_points": [[0.5, 0], [0.8, 0], [0.9, 0], [0.95, 0], [0.97, 0], [0.99, 0], [1.0, 0]], "theory_reward_points": [[0.5, 7.063492029731455], [0.8, 11.301587247570328], [0.9, 12.714285653516619], [0.95, 13.420634856489764], [0.97, 13.703174537679022], [0.99, 13.98571421886828], [1.0, 14.12698405946291]], "ppac_reward_points": [[0.5, 14.406320343522088], [0.8, 12.366171816499596], [0.9, 7.297477749363924], [0.95, 9.608244279329128], [0.97, 11.410123045424646], [0.99, 14.926380062684844], [1.0, 12.724024197377872]], "n_step_horizon_reward_points": [[0.5, 0.3882283832205863], [0.8, 3.073148239204119], [0.9, 6.48052392833515], [0.95, 4.837420796584101], [0.97, 9.13729527557013], [0.99, 6.826749099654375], [1.0, 11.478820826702314]], "n_step_planlen_reward_points": [[0.5, 1.2411733217457388], [0.8, 11.727897624320537], [0.9, 13.84591910511634], [0.95, 10.750320617966892], [0.97, 13.545532297829794], [0.99, 9.428634715905098], [1.0, 16.33320316902306]], "ppac_plan_length_points": [[0.5, 6.429333333333333], [0.8, 2.2506666666666666], [0.9, 1.64], [0.95, 1.184], [0.97, 1.1586666666666667], [0.99, 0.5813333333333334], [1.0, 0.6373333333333333]], "n_step_horizon_plan_length_points": [[0.5, 9], [0.8, 4], [0.9, 4], [0.95, 4], [0.97, 4], [0.99, 4], [1.0, 4]], "n_step_planlen_plan_length_points": [[0.5, 6.429333333333333], [0.8, 2.2506666666666666], [0.9, 1.64], [0.95, 1.184], [0.97, 1.1586666666666667], [0.99, 0.5813333333333334], [1.0, 0.6373333333333333]]}}