{"override_save_path": false, "increment_factor": 1.2, "force_recompute": false, "graph_smoothing": 0, "number_of_episodes_for_baseline": 30, "number_of_epochs_for_optimal_parameters": 50, "number_of_episodes_for_testing": 250, "initial_epsilon": 3.5, "initial_horizon": 10, "reward_discount": 0.98, "acceptable_performance_levels": [0.95, 0.9, 0.8, 0.5], "acceptable_performance_loss": 1, "acceptable_performance_level": 0.8, "confidence_interval_for_convergence": 90, "min_sample_size": 30, "min_reward_single_timestep": 19, "max_reward_single_timestep": 105, "horizon_ceiling": 25, "horizon_floor": 4, "horizons": {"0": 1, "0.0007": 4, "0.0015": 16, "0.002": 26}, "api": "v2", "agent": {"gamma": 0.98, "path": "subrepos/rl-trained-agents/sac/AntBulletEnv-v0_1/AntBulletEnv-v0.zip"}, "coach": {"path": "models.ignore/coach/AntBulletEnv-v0/baseline_3"}, "plot": {"optimal_reward_points": [[0.95, 100.16069031689534], [0.9, 100.16069031689534], [0.8, 100.16069031689534], [0.5, 100.16069031689534]], "random_reward_points": [[0.95, 0], [0.9, 0], [0.8, 0], [0.5, 0]], "theory_reward_points": [[0.95, 95.15265580105057], [0.9, 90.14462128520582], [0.8, 80.12855225351628], [0.5, 50.08034515844767]], "ppac_reward_points": [[0.95, 95.63300746231702], [0.9, 88.12593149222874], [0.8, 84.82700699212386], [0.5, 55.04680117385681]], "n_step_horizon_reward_points": [[0.95, 70.20466585209496], [0.9, 72.13065981554533], [0.8, 50.66867382008899], [0.5, 48.71549979006522]], "n_step_planlen_reward_points": [[0.95, 98.71200837265478], [0.9, 98.61149187545577], [0.8, 53.38298789628923], [0.5, 49.38882069775728]], "n_step_median_reward_points": [[0.95, 98.57080812112594], [0.9, 79.1317608314859], [0.8, 50.434291286922445], [0.5, 48.940182469982894]], "ppac_plan_length_points_average": [[0.95, 1.723072], [0.9, 1.9291441915621437], [0.8, 11.866845333333334], [0.5, 19.020624631578947]], "ppac_plan_length_points_median": [[0.95, 1.964], [0.9, 2.606], [0.8, 16.18], [0.5, 22.484]], "n_step_horizon_plan_length_points": [[0.95, 4], [0.9, 4], [0.8, 25], [0.5, 25]], "n_step_planlen_plan_length_points": [[0.95, 2], [0.9, 2], [0.8, 12], [0.5, 20]], "n_step_median_plan_length_points": [[0.95, 2], [0.9, 3], [0.8, 17], [0.5, 23]]}}