{"override_save_path": false, "force_recompute": false, "graph_smoothing": 0, "number_of_episodes_for_baseline": 30, "number_of_epochs_for_optimal_parameters": 15, "number_of_episodes_for_testing": 10, "initial_epsilon": 3.5, "initial_horizon": 10, "reward_discount": 0.98, "acceptable_performance_levels": [0.8, 0.9, 0.95, 0.98, 0.99], "acceptable_performance_loss": 1, "acceptable_performance_level": 0.8, "confidence_interval_for_convergence": 90, "api": "v2", "agent": {"gamma": 0.98, "path": "./subrepos/rl-trained-agents/sac/ReacherBulletEnv-v0_1/ReacherBulletEnv-v0.zip"}, "coach": {"path": "models.ignore/coach/ReacherBulletEnv-v0/baseline_3"}, "plot": {"optimal_reward_points": [[0.8, 15.137909031815832], [0.9, 15.137909031815832], [0.95, 15.137909031815832], [0.98, 15.137909031815832], [0.99, 15.137909031815832]], "random_reward_points": [[0.8, 0], [0.9, 0], [0.95, 0], [0.98, 0], [0.99, 0]], "theory_reward_points": [[0.8, -30.952625947608034], [0.9, -5.346773181261442], [0.95, -5.346773181261442], [0.98, -5.346773181261442], [0.99, -5.346773181261442]], "ppac_reward_points": [[0.8, 13.872410944190634], [0.9, 15.322226552401073], [0.95, 11.224696512292308], [0.98, 14.660252960826973], [0.99, 14.678990904015707]], "n_step_horizon_reward_points": [[0.8, 0.8975933263054451], [0.9, 6.0246485666099066], [0.95, 9.566514137482885], [0.98, 5.435163724627805], [0.99, 6.820659307923215]], "n_step_planlen_reward_points": [[0.8, 3.544565821006872], [0.9, 8.662222934643465], [0.95, 16.133070966392836], [0.98, 11.333280121345597], [0.99, 9.390066165503232]], "ppac_plan_length_points": [[0.8, 5.665333333333333], [0.9, 2.0233333333333334], [0.95, 1.8086666666666666], [0.98, 2.19], [0.99, 2.2239999999999998]], "n_step_horizon_plan_length_points": [[0.8, 8], [0.9, 4], [0.95, 4], [0.98, 4], [0.99, 4]], "n_step_planlen_plan_length_points": [[0.8, 8], [0.9, 4], [0.95, 4], [0.98, 4], [0.99, 4]]}, "0.8": {"optimal_epsilon": 0.8139881377648227, "optimal_horizon": 10}, "0.9": {"optimal_epsilon": 0.13656454808718183, "optimal_horizon": 4}, "0.95": {"optimal_epsilon": 0.13656454808718183, "optimal_horizon": 4}, "0.98": {"optimal_epsilon": 0.13656454808718183, "optimal_horizon": 4}, "0.99": {"optimal_epsilon": 0.13656454808718183, "optimal_horizon": 4}}