{"override_save_path": false, "increment_factor": 1.2, "force_recompute": false, "graph_smoothing": 0, "number_of_episodes_for_baseline": 30, "number_of_epochs_for_optimal_parameters": 50, "number_of_episodes_for_testing": 5, "initial_epsilon": 3.5, "initial_horizon": 10, "reward_discount": 0.98, "acceptable_performance_levels": [0.5, 0.8, 0.9, 0.95, 0.97, 0.99, 1.0], "acceptable_performance_loss": 1, "acceptable_performance_level": 0.8, "confidence_interval_for_convergence": 90, "min_sample_size": 12, "min_reward_single_timestep": 0, "max_reward_single_timestep": 100, "horizon_cap": 20, "api": "v2", "agent": {"gamma": 0.98, "path": "./subrepos/rl-trained-agents/sac/ReacherBulletEnv-v0_1/ReacherBulletEnv-v0.zip"}, "coach": {"path": "models.ignore/coach/ReacherBulletEnv-v0/baseline_3"}, "plot": {"optimal_reward_points": [[0.5, 14.952136681804564], [0.8, 14.952136681804564], [0.9, 14.952136681804564], [0.95, 14.952136681804564], [0.97, 14.952136681804564], [0.99, 14.952136681804564], [1.0, 14.952136681804564]], "random_reward_points": [[0.5, 0], [0.8, 0], [0.9, 0], [0.95, 0], [0.97, 0], [0.99, 0], [1.0, 0]], "theory_reward_points": [[0.5, 0.44856410045413736], [0.8, 0.5382769205449648], [0.9, 0.568181193908574], [0.95, 0.5831333305903785], [0.97, 0.5891141852631004], [0.99, 0.5950950399358221], [1.0, 0.5980854672721831]], "ppac_reward_points": [[0.5, 14.043516119052137], [0.8, 10.963850775785737], [0.9, 14.540050303160772], [0.95, 1.3428249721445835], [0.97, 13.03989773843683], [0.99, 4.739003263783625], [1.0, 9.97448423186373]], "n_step_horizon_reward_points": [[0.5, 2.229237409773042], [0.8, -0.8882625041773051], [0.9, -0.9674861597060449], [0.95, 0.9748349925583154], [0.97, 0.05599959580264181], [0.99, -0.311362013896251], [1.0, 1.7234042404375765]], "n_step_planlen_reward_points": [[0.5, 5.654847765115033], [0.8, 0.6179694008486143], [0.9, 5.867533376788062], [0.95, 1.8606362659072984], [0.97, 7.059832963519008], [0.99, -2.2890148090099034], [1.0, 7.363615208869817]], "ppac_plan_length_points": [[0.5, 7.1386666666666665], [0.8, 9.796000000000001], [0.9, 7.304], [0.95, 9.936], [0.97, 9.78], [0.99, 10.212], [1.0, 8.076]], "n_step_horizon_plan_length_points": [[0.5, 10], [0.8, 14], [0.9, 10], [0.95, 14], [0.97, 14], [0.99, 15], [1.0, 12]], "n_step_planlen_plan_length_points": [[0.5, 10], [0.8, 14], [0.9, 10], [0.95, 14], [0.97, 14], [0.99, 15], [1.0, 12]]}}