{"override_save_path": false, "increment_factor": 1.2, "force_recompute": false, "graph_smoothing": 0, "number_of_episodes_for_baseline": 30, "number_of_epochs_for_optimal_parameters": 50, "number_of_episodes_for_testing": 5, "initial_epsilon": 3.5, "initial_horizon": 10, "reward_discount": 0.98, "acceptable_performance_levels": [0.5, 0.8, 0.9, 0.95, 0.97, 0.99, 1.0], "acceptable_performance_loss": 1, "acceptable_performance_level": 0.8, "confidence_interval_for_convergence": 90, "min_sample_size": 30, "min_reward_single_timestep": 0, "max_reward_single_timestep": 100, "horizon_ceiling": 20, "horizon_floor": 4, "api": "v2", "agent": {"gamma": 0.98, "path": "./subrepos/rl-trained-agents/sac/ReacherBulletEnv-v0_1/ReacherBulletEnv-v0.zip"}, "coach": {"path": "models.ignore/coach/ReacherBulletEnv-v0/baseline_3"}, "plot": {"optimal_reward_points": [[0.5, 14.748507074818418], [0.8, 14.748507074818418], [0.9, 14.748507074818418], [0.95, 14.748507074818418], [0.97, 14.748507074818418], [0.99, 14.748507074818418], [1.0, 14.748507074818418]], "random_reward_points": [[0.5, 0], [0.8, 0], [0.9, 0], [0.95, 0], [0.97, 0], [0.99, 0], [1.0, 0]], "theory_reward_points": [[0.5, 7.374253537409209], [0.8, 11.798805659854736], [0.9, 13.273656367336576], [0.95, 14.011081721077497], [0.97, 14.306051862573865], [0.99, 14.601022004070234]], "ppac_reward_points": [[0.5, 16.399673022151806], [0.8, 14.528158079915357], [0.9, 13.165458612243329], [0.95, 17.458646902128073], [0.97, 10.558293039600851], [0.99, 17.88933655296079]], "n_step_horizon_reward_points": [[0.5, -2.021381774755943], [0.8, 11.503845369843395], [0.9, 13.097641701476352], [0.95, 12.800069925274117], [0.97, 10.813661081759097], [0.99, 7.143356986363587]], "n_step_planlen_reward_points": [[0.5, 0.4695378269717409], [0.8, 10.430829264488004], [0.9, 6.933477537424218], [0.95, 11.034443532766058], [0.97, 10.589903645917019], [0.99, 13.983753260612366]], "n_step_median_reward_points": [[0.5, 3.1933002104515293], [0.8, 10.01141113513211], [0.9, 12.238421524553805], [0.95, 10.20694077554102], [0.97, 12.192771076269707], [0.99, 10.481213397816878]], "ppac_plan_length_points_average": [[0.5, 8.609333333333334], [0.8, 1.748], [0.9, 1.704], [0.95, 1.0546666666666666], [0.97, 0.9973333333333333], [0.99, 0.596]], "ppac_plan_length_points_median": [[0.5, 10.4], [0.8, 1.2], [0.9, 0.8], [0.95, 0.4], [0.97, 0.4], [0.99, 0.0]], "n_step_horizon_plan_length_points": [[0.5, 20], [0.8, 4], [0.9, 4], [0.95, 4], [0.97, 4], [0.99, 4]], "n_step_planlen_plan_length_points": [[0.5, 9], [0.8, 2], [0.9, 2], [0.95, 2], [0.97, 1], [0.99, 1]], "n_step_median_plan_length_points": [[0.5, 11], [0.8, 2], [0.9, 1], [0.95, 1], [0.97, 1], [0.99, 0]]}}