{"override_save_path": false, "increment_factor": 1.2, "force_recompute": false, "graph_smoothing": 0, "number_of_episodes_for_baseline": 30, "number_of_epochs_for_optimal_parameters": 50, "number_of_episodes_for_testing": 250, "initial_epsilon": 3.5, "initial_horizon": 10, "reward_discount": 0.98, "acceptable_performance_levels": [0.95, 0.9, 0.8, 0.5], "acceptable_performance_loss": 1, "acceptable_performance_level": 0.8, "confidence_interval_for_convergence": 90, "min_sample_size": 30, "min_reward_single_timestep": 0, "max_reward_single_timestep": 100, "horizon_ceiling": 25, "horizon_floor": 4, "api": "v2", "agent": {"gamma": 0.98, "path": "./subrepos/rl-trained-agents/sac/ReacherBulletEnv-v0_1/ReacherBulletEnv-v0.zip"}, "coach": {"path": "models.ignore/coach/ReacherBulletEnv-v0/baseline_3"}, "plot": {"optimal_reward_points": [[0.95, 14.748507074818418], [0.9, 14.748507074818418], [0.8, 14.748507074818418], [0.5, 14.748507074818418]], "random_reward_points": [[0.95, 0], [0.9, 0], [0.8, 0], [0.5, 0]], "theory_reward_points": [[0.95, 14.011081721077497], [0.9, 13.273656367336576], [0.8, 11.798805659854736], [0.5, 7.374253537409209]], "ppac_reward_points": [[0.95, 13.176693688219345], [0.9, 13.707313471889032], [0.8, 12.79820469735068], [0.5, 9.005022643572708]], "n_step_horizon_reward_points": [[0.95, 7.442717727168566], [0.9, 7.61509080153166], [0.8, 7.822570384620927], [0.5, -0.539847421315017]], "n_step_planlen_reward_points": [[0.95, 14.288939814226197], [0.9, 11.765060780942157], [0.8, 13.21408669681649], [0.5, -0.017468452109503905]], "n_step_median_reward_points": [[0.95, 14.316038125371907], [0.9, 12.072950407875172], [0.8, 12.487590525416051], [0.5, -0.3645300546036385]], "ppac_plan_length_points_average": [[0.95, 0.44205333333333335], [0.9, 1.3771733333333334], [0.8, 1.1630666666666667], [0.5, 18.052533333333333]], "ppac_plan_length_points_median": [[0.95, 0.126], [0.9, 1.334], [0.8, 1.158], [0.5, 21.976]], "n_step_horizon_plan_length_points": [[0.95, 4], [0.9, 4], [0.8, 4], [0.5, 25]], "n_step_planlen_plan_length_points": [[0.95, 1], [0.9, 2], [0.8, 2], [0.5, 19]], "n_step_median_plan_length_points": [[0.95, 1], [0.9, 2], [0.8, 2], [0.5, 22]]}}