{"override_save_path": false, "increment_factor": 1.2, "force_recompute": false, "graph_smoothing": 0, "number_of_episodes_for_baseline": 30, "number_of_epochs_for_optimal_parameters": 50, "number_of_episodes_for_testing": 5, "initial_epsilon": 3.5, "initial_horizon": 10, "reward_discount": 0.98, "acceptable_performance_levels": [0.5, 0.8, 0.9, 0.95, 0.97, 0.99, 1.0], "acceptable_performance_loss": 1, "acceptable_performance_level": 0.8, "confidence_interval_for_convergence": 90, "min_sample_size": 12, "min_reward_single_timestep": -100, "max_reward_single_timestep": 70, "horizon_ceiling": 20, "horizon_floor": 4, "horizons": {"0.0": 1, "0.005": 10, "0.01": 20}, "api": "v2", "agent": {"gamma": 0.99, "path": "./subrepos/rl-trained-agents/sac/LunarLanderContinuous-v2_1/LunarLanderContinuous-v2.zip"}, "coach": {"path": "models.ignore/coach/LunarLanderContinuous-v2/baseline_3"}, "plot": {"optimal_reward_points": [[0.5, 24.004775164407015], [0.8, 24.004775164407015], [0.9, 24.004775164407015], [0.95, 24.004775164407015], [0.97, 24.004775164407015], [0.99, 24.004775164407015], [1.0, 24.004775164407015]], "random_reward_points": [[0.5, 0], [0.8, 0], [0.9, 0], [0.95, 0], [0.97, 0], [0.99, 0], [1.0, 0]], "theory_reward_points": [[0.5, 12.002387582203507], [0.8, 19.203820131525614]], "ppac_reward_points": [[0.5, 30.164426271681698], [0.8, 26.240859397897154]], "n_step_horizon_reward_points": [[0.5, 28.25627571030676], [0.8, 21.11548987900125]], "n_step_planlen_reward_points": [[0.5, 22.181206685092413], [0.8, 26.360388866921767]], "ppac_plan_length_points": [[0.5, 2.9301988393269607], [0.8, 2.1313541371497577]], "n_step_horizon_plan_length_points": [[0.5, 4], [0.8, 4]], "n_step_planlen_plan_length_points": [[0.5, 2.9301988393269607], [0.8, 2.1313541371497577]]}}