{"override_save_path": false, "increment_factor": 1.2, "force_recompute": true, "graph_smoothing": 0, "number_of_episodes_for_baseline": 30, "number_of_epochs_for_optimal_parameters": 50, "number_of_episodes_for_testing": 50, "initial_epsilon": 3.5, "initial_horizon": 10, "reward_discount": 0.98, "acceptable_performance_levels": [0.5, 0.8, 0.9, 0.95, 0.97, 0.99, 1.0], "acceptable_performance_loss": 1, "acceptable_performance_level": 0.8, "confidence_interval_for_convergence": 90, "min_reward_single_timestep": 19, "max_reward_single_timestep": 105, "horizons": {"0": 1, "0.0007": 4, "0.0015": 16, "0.002": 26}, "api": "v2", "agent": {"gamma": 0.98, "path": "subrepos/rl-trained-agents/sac/AntBulletEnv-v0_1/AntBulletEnv-v0.zip"}, "coach": {"path": "models.ignore/coach/AntBulletEnv-v0/baseline_3"}, "0.5": {"optimal_epsilon": 3.5000000000000004, "optimal_horizon": 4}, "plot": {"optimal_reward_points": [[0.5, 101.01341786306561], [0.8, 101.01341786306561], [0.9, 101.01341786306561], [0.95, 101.01341786306561], [0.97, 101.01341786306561], [0.99, 101.01341786306561], [1.0, 101.01341786306561]], "random_reward_points": [[0.5, 0], [0.8, 0], [0.9, 0], [0.95, 0], [0.97, 0], [0.99, 0], [1.0, 0]], "theory_reward_points": [[0.5, -3398.986582136935], [0.8, -875.7723474547216], [0.9, -577.3100302742866], [0.95, -370.04453223231786], [0.97, -226.11015859206185], [0.99, -56.74293652308769], [1.0, 0.5898126403985628]], "ppac_reward_points": [[0.5, 47.522912238190656], [0.8, 81.78820304345216], [0.9, 90.57660866857185], [0.95, 92.1827663526687], [0.97, 96.32577390948164], [0.99, 99.31028050416842], [1.0, 99.13030009496468]], "n_step_horizon_reward_points": [[0.5, 72.32853050615483], [0.8, 72.81090875819288], [0.9, 74.08434963848987], [0.95, 69.34851812093135], [0.97, 68.73131371292618], [0.99, 98.63160070144727], [1.0, 52.06841909921197]], "n_step_planlen_reward_points": [[0.5, 78.21902165503109], [0.8, 80.45080478381166], [0.9, 98.43633082584348], [0.95, 97.1731658447505], [0.97, 97.2525501649437], [0.99, 101.93810963860476], [1.0, 61.41193583131852]], "ppac_plan_length_points": [[0.5, 2.77196], [0.8, 2.06696], [0.9, 1.97726], [0.95, 1.8811], [0.97, 1.68474], [0.99, 0.33566], [1.0, 5.534]], "n_step_horizon_plan_length_points": [[0.5, 4], [0.8, 4], [0.9, 4], [0.95, 4], [0.97, 4], [0.99, 2], [1.0, 20]], "n_step_planlen_plan_length_points": [[0.5, 4], [0.8, 4], [0.9, 4], [0.95, 4], [0.97, 4], [0.99, 2], [1.0, 20]]}, "0.8": {"optimal_epsilon": 0.9767857653177872, "optimal_horizon": 4}, "0.9": {"optimal_epsilon": 0.6783234481373522, "optimal_horizon": 4}, "0.95": {"optimal_epsilon": 0.4710579500953835, "optimal_horizon": 4}, "0.97": {"optimal_epsilon": 0.32712357645512746, "optimal_horizon": 4}, "0.99": {"optimal_epsilon": 0.15775635438615332, "optimal_horizon": 2}, "1.0": {"optimal_epsilon": 0.10042360522266705, "optimal_horizon": 20}}