{"override_save_path": false, "increment_factor": 1.2, "force_recompute": false, "graph_smoothing": 0, "number_of_episodes_for_baseline": 30, "number_of_epochs_for_optimal_parameters": 15, "number_of_episodes_for_testing": 10, "initial_epsilon": 3.5, "initial_horizon": 10, "reward_discount": 0.98, "acceptable_performance_levels": [0.8, 0.9, 0.95, 0.98, 0.99], "acceptable_performance_loss": 1, "acceptable_performance_level": 0.8, "confidence_interval_for_convergence": 90, "min_reward_single_timestep": 19, "max_reward_single_timestep": 105, "horizons": {"0": 1, "0.0007": 4, "0.0015": 16, "0.002": 26}, "api": "v2", "agent": {"gamma": 0.98, "path": "subrepos/rl-trained-agents/sac/AntBulletEnv-v0_1/AntBulletEnv-v0.zip"}, "coach": {"path": "models.ignore/coach/AntBulletEnv-v0/baseline_3"}, "plot": {"optimal_reward_points": [[0.8, 101.899812911828], [0.9, 101.899812911828], [0.95, 101.899812911828], [0.98, 101.899812911828], [0.99, 101.899812911828]], "random_reward_points": [[0.8, 0], [0.9, 0], [0.95, 0], [0.98, 0], [0.99, 0]], "theory_reward_points": [[0.8, -1070.2431054695166], [0.9, -712.0883248529947], [0.95, -712.0883248529947]], "ppac_reward_points": [[0.8, 73.84748474706811], [0.9, 90.98010326354047], [0.95, 83.33180717743393]], "n_step_horizon_reward_points": [[0.8, 72.59965256504775], [0.9, 71.4930855150998], [0.95, 69.35596567464212]], "n_step_planlen_reward_points": [[0.8, 81.56280582127144], [0.9, 64.79642237028054], [0.95, 71.35979536872989]], "ppac_plan_length_points": [[0.8, 2.0831], [0.9, 2.079], [0.95, 2.1057]], "n_step_horizon_plan_length_points": [[0.8, 4], [0.9, 4], [0.95, 4]], "n_step_planlen_plan_length_points": [[0.8, 4], [0.9, 4], [0.95, 4]]}, "0.8": {"optimal_epsilon": 1.1721429183813445, "optimal_horizon": 4}, "0.9": {"optimal_epsilon": 0.8139881377648227, "optimal_horizon": 4}, "0.95": {"optimal_epsilon": 0.8139881377648227, "optimal_horizon": 4}, "0.98": {"optimal_epsilon": 0.8139881377648227, "optimal_horizon": 4}}