{"override_save_path": false, "increment_factor": 1.2, "force_recompute": false, "graph_smoothing": 0, "number_of_episodes_for_baseline": 30, "number_of_epochs_for_optimal_parameters": 50, "number_of_episodes_for_testing": 250, "initial_epsilon": 3.5, "initial_horizon": 10, "reward_discount": 0.98, "acceptable_performance_levels": [0.95, 0.9, 0.8, 0.5], "acceptable_performance_loss": 1, "acceptable_performance_level": 0.8, "confidence_interval_for_convergence": 90, "min_sample_size": 30, "min_reward_single_timestep": -23, "max_reward_single_timestep": 5, "horizon_ceiling": 25, "horizon_floor": 4, "horizons": {"0.1": 26, "0.01": 16, "0.001": 11}, "api": "v2", "agent": {"gamma": 0.98, "path": "./subrepos/rl-trained-agents/sac/BipedalWalker-v3_1/BipedalWalker-v3.zip"}, "coach": {"path": "models.ignore/coach/BipedalWalker-v3/baseline_3"}, "plot": {"optimal_reward_points": [[0.95, 3.9474887529674576], [0.9, 3.9474887529674576], [0.8, 3.9474887529674576], [0.5, 3.9474887529674576]], "random_reward_points": [[0.95, 0], [0.9, 0], [0.8, 0], [0.5, 0]], "theory_reward_points": [[0.95, 3.7501143153190846], [0.9, 3.552739877670712], [0.8, 3.1579910023739663], [0.5, 1.9737443764837288]], "ppac_reward_points": [[0.95, 3.62779225352944], [0.9, 3.1775773951081354], [0.8, 3.423503321217686], [0.5, 2.829135949606386]], "n_step_horizon_reward_points": [[0.95, -6.3911969139788525], [0.9, -8.373754149035753], [0.8, -6.877251743246188], [0.5, -8.601585272244122]], "n_step_planlen_reward_points": [[0.95, 4.335971432259892], [0.9, 4.478384789756322], [0.8, 4.343404836914386], [0.5, -6.5539724580151395]], "n_step_median_reward_points": [[0.95, 4.286439323032856], [0.9, 4.630457355657867], [0.8, 4.134987724133701], [0.5, -9.172204120864954]], "ppac_plan_length_points_average": [[0.95, 1.2247861586631958], [0.9, 1.598358528394288], [0.8, 1.6542667076304942], [0.5, 3.285120848714952]], "ppac_plan_length_points_median": [[0.95, 1.264], [0.9, 1.642], [0.8, 1.85], [0.5, 4.286]], "n_step_horizon_plan_length_points": [[0.95, 4], [0.9, 4], [0.8, 4], [0.5, 6]], "n_step_planlen_plan_length_points": [[0.95, 2], [0.9, 2], [0.8, 2], [0.5, 4]], "n_step_median_plan_length_points": [[0.95, 2], [0.9, 2], [0.8, 2], [0.5, 5]]}}